Kategorie;UnterKat;Name;LatName;Beschreibung Deutsch;Beschreibung Englisch
Tiere;Amphibien ;(Amphibien Allgemein);;"Torfstiche und Gräben bilden die Kinderstuben der Frösche; Kröten und Molche. Manche Arten verbringen nur die Larvenzeit im Wasser, andere bleiben lebenslänglich dem nassen Element treu. Deshalb können wir Erdkröten, Gras- und Moorfrösche nur zur Laichzeit, Wasserfrösche hingegen den ganzen Sommer über an den Riedteichen beobachten.";
Tiere;Amphibien ;Bergmolch ;Triturus alpestris;Dies ist die einzige Schwanzlurchart des Riedes. Die erwachsenen Tiere sind nachtaktive Landbewohner. Ihre Beute besteht aus Insekten, Spinnen, Froscheiern und Würmern. Gegen Ende des Winters suchen die geschlechtsreifen Molche zur Fortpflanzung Torfstiche, Gräben und auch die Tümpel des Riedlehrpfades auf.;
Tiere;Amphibien ;Erdkröte ;Bufo bufo;"In lauen Märznächten ziehen die Érdkröten, einzeln oder verpaart, zu den Laichgewässern. Aber nur wer dem Straßentod entgeht, erreicht sein Ziel. Deshalb bemühen sich alljährlich Naturschützer, um die Wanderwege von Amphibien zu sichern. Wenn im Sommer die ausgereiften Jungkröten in großer Zahl das Wasser verlassen, heißt es im Volksmund ""Es hat Krotten gehagelt!“";
Tiere;Amphibien ;Grasfrosch ;Rana temporaria;Die Erwachsenen Tiere dieser „Braunfrösche“ sind nur während des Winters und im Frühling am Wasser anzutreffen. Jedes Weibchen legt bereits, im März in quallenförmigen Laichballen 3-4000 Eier ab. Eier, Kaulquappen und Jungfrösche fallen einer großen Zahl von Freßfeinden zum Opfer, so dass nur etwa 4 Tiere erwachsen werden. Als Landfrösche erbeuten sie vornehmlich Insekten und Schnecken, weshalb Insektizide und Schneckenkörner auch den Grasfröschen schaden. Die Froschschenkel waren früher bei uns als Delikatesse begehrt.;
Tiere;Amphibien ;Laubfrosch ;Hyla arborea;"Wer an einem warmen Maiabend nach Einbruch der Dämmerung am Riedlehrpfad lauscht, kann den lautstarken Chorgesang der Laubfrösche vernehmen. Singwarten der kletterfreudigen Tiere sind Röhrichte, Büsche und e Art wurde früher als ""Wetterfrosch"" in menschliche Obhut genommen.";
Tiere;Amphibien ;Moorfrosch ;Rana arvalis;"Er ist mit dem Grasfrosch nahe verwandt und von diesem nur schwer zu unterscheiden. Als Faustregel gilt: Moorfrösche sind ""Braunfrösche"" mit hellem Rückenstreifen! Die bei uns recht seltene Lurchart wurde bisher lediglich am Rande des Hochmoores beobachtet.";
Tiere;Amphibien ;Wasserfrosch ;Rana esculenta;Wenn Moorwanderer entlang des Lehrpfades grün-schwarz gefärbten, sehr ruffreudigen und wenig scheuen Froschlurchen begegnen, handelt es sich fast immer um diese Art. Sie verbringen nahezu ihr ganzes Leben im oder am Wasser. Während der Wintermonate ruhen Wasserfrösche im Grundschlamm von Teichen und Gräben.;
Tiere;Insekten;(Insekten Allgemein);;"Der Stamm der Arthropoden umfasst Tierformen mit gegliederten Beinen und harten Außenskeletten. Von diesen „Gliederfüßern"" haben sich zahlreiche Vertreter der Spinnentiere (Merkmal: 4 Beinpaare) und Insekten (Merkmal: 3 Beinpaare) in der Riedlandschaft angesiedelt. Sie bewohnen dort die unterschiedlichsten Lebensräume.";
Tiere;Insekten;Feldgrille ;Gryllus campestris;"Die Trockenheit und Wärme liebende Feldgrille ist mittlerweile auch auf entwässerten Riedwiesen heimisch geworden.  Sie gräbt bis zu 40 cm tiefe Gänge und lebt dort als „Single"" von Pflanzensprossen und Insekten. Zur Paarungszeit vernehmen wir das charakteristische Zirpen der Männchen; die damit um die Gunst der Weibchen buhlen.";
Tiere;Insekten;Feldwespen ;Polistes gallicus;Feldwespen bauen einreihige und unverhüllte Wabennester, die sie mit kurzem Stiel an Sträuchern befestigen.  Sie leben vom Insektenfang. Dem Menschen gegenüber sind die Polistes-Arten friedlich gesinnt.;
Tiere;Insekten;Maulwurfsgrille;Gryllotalpa gryllotalpa;Die Maulwurfsgrille liebt lockeren Boden und gräbt deshalb mit Vorliebe im weichen Torf des Riedes. Mit den schaufelförmigen Vorderbeinen werden Grabgänge angelegt. Dort leben die Tiere von Insekten, Würmern und Pflanzenwurzeln. Ihre zirpenden Laute wurden wiederholt als Wechselkrötengesang gedeutet. Diese Amphibienart kommt jedoch in unserer Region nicht vor.;
Tiere;Insekten;Strauchschrecke ;Pholidoptera griseoaptera;"Zu den sommerlichen „Musikanten"" in buschreichem Gelände gehört die Strauchschrecke. Wir können ihr Zirpen bis in die Nacht hinein vernehmen. Besondere Merkmale sind lange Fühler und zu Stummeln reduzierte Flügel.";
Tiere;Insekten;Wasserskorpion ;Nepida rubra;Der Wasserskorpion, eine Wasserwanze, lebt räuberisch am Grunde schlammiger Steh-Gewässer, so auch in unserern Lehrpfad-Tümpeln. Die Nahrung besteht aus Insekten, Kaulquappen und kleinen Fischen. Zum Luftholen klettern die Tiere an Pflanzenstengeln hoch und schieben das Atemrohr aus dem Wasser.;
Tiere;Libellen;(Libellen Allgemein);;"Dank der Vielzahl von Gewässern der unterschiedlichsten Art gilt das Pfrunger Ried als Libellen-Paradies.  Libellen sind Sonnenkinder. Wer an einem heiteren Sommertag am Riedlehrpfad wandert, wird regelmäßig von den ""fliegenden Edelsteinen"" begleitet. Mit etwas Glück kann er auch einer ""Libellen Geburt"" beiwohnen. Von den etwa 70 in der Bundesrepublik heimischen Groß- und Kleinlibellen konnten bisher 44 Arten in diesem ausgedehnten Feuchtgebiet nachgewiesen werden. Hierunter befinden sich 18 ""Rote-Liste-Arten"", d.h., dass sie in Mitteleuropa gefährdet oder vom Aussterben bedroht sind.";
Tiere;Libellen;Glänzende Smaragdlibelle ;Somatochlora metallica;"Ein im Sonnenlicht irisierender Glanz zeichnet die prächtigen Falkenlibellen aus. Von den im Ried beheimateten vier Arten treffen wir am ehesten auf die grün schillernde ""Metallica"". Wenn im Hochsommer die Männchen auf Partnersuche sind fliegen sie entlang der Uferlinien so dass wir ihnen ""hautnah"" begegnen können.";
Tiere;Libellen;Große Königslibelle ;Anax imperator;"Von Mitte Juni bis Ende August dauert die jährliche Herrschaft der ""Königlichen"" an den Riedteichen. Dann nämlich kontrollieren die leuchtend blau-schwarz gefärbten Männchen in majestätischem Schwirrflug ihre Reviere, bereit jeden Konkurrenten aus dem Felde zu schlagen.";
Tiere;Libellen;Großer Blaupfeil ;Orthetrum cancellatum;Die ausgefärbten Männchen ähneln denen des Plattbauches, sind im Habitus jedoch viel schlanker. Blaupfeile bewegen sich oft weit entfemt von Gewässem und ruhen gerne auf beschotterten Wegen. Ihre Flugzeit dauert von Mai bis September.;
Tiere;Libellen;Vierfleck ;Libellula quadrimaculata;Wer diese Segellibelle am Lehrpfad sucht, hat am schnellsten Erfolg bei der Hochmoor-Station Eulenbruck. Der kleine Tümpel vor der Plattform ist ein beliebter Tummelplatz. Hier wird von Mitte Mai bis in den August gejagt, gebalzt und Hochzeit gefeiert. Von Ansitzwarten aus starten die temperamentvollen Tiere um Beute zu erhaschen.;
Tiere;Reptilien;(Reptilien Allgemein);;Das Pfrunger Ried ist Lebensraum für fünf verschiedene Arten von Kriechtieren. Sie sind nirgends häufig, leben meist im Verborgenen und begegnen uns daher nur selten. Um auf „Betriebstemperatur“ zu kommen, nehmen diese wechselwarmen Tiere gerne ein Sonnenbad. Hierbei bieten sich dem Naturfreund gute Möglichkeiten zur Beobachtung. Eidechsen und Schlangen häuten sich regelmäßig. Das abgestreifte „Schlangenhemd“ aus Hornschuppen verrät uns dann ihre Präsenz in einem Gebiet. Reptilien legen entweder Eier oder bringen ausgereifte Junge zu Welt.;
Tiere;Reptilien;Blindschleiche ;Anguis fragilis;Ein heimlicher Riedbewohner ist die Blindschleiche. Wer jedoch die ausgewählten Ruheplätze kennt hat wenig Mühe die in ganz Europa beheimatete Schleichenart aufzuspüren. Bevorzugt werden feuchte und pflanzenreiche Biotope. Dort findet sie auch ihre Lieblingsnahrung: kleine Schnecken. Wie der Artname „fragilis“ andeutet, können nicht nur Eidechsen, sondern auch die nahe verwandten Blindschleichen bei Gefahr ihren Schwanz abstoßen. ;
Tiere;Reptilien;Europäische Sumpfschildkröte;Emys orbicularis;Die Verbreitung der Europäischen Sumpfschildkröte ist in Mitteleuropa stark rückläufig. Umso mehr freut uns die kleine Population im Bereich des Pfrunger Riedes. Die ersten Beobachtungen wurden 1970 an Torfstichen nahe der Ostrach gemacht. Um herauszufinden, ob sich die wärmeliebende Reptilienart bei uns noch vermehren kann wurde 1985 am Riedlehrpfad ein Emys-Gehege angelegt. Der Beweis für eine erfolgreiche Fortpflanzung gelang bisher nicht. Gegenwärtig bewohnen etwa 8 Exemplare die Gewässer entlang des Lehrpfades. ;
Tiere;Reptilien;Kreuzotter ;Vipera berus;Das wohl bekannteste und auch meiste diskutierte Reptil ist zweifellos die Kreuzotter. Diese auch für den Menschen gefährliche Giftschlange bevorzugt Gebiete abseits der Wanderwege, ein Grund mehr, die gesetzlich befriedeten Schutzgebiete möglichst zu meiden.  Als noch Torfstecher und Beerensucher alljährlich in großer Zahl in s Ried zogen, kam es immer wieder zu Schlangenbissen mit unangenehmen Folgen. Das Beutespektrum besteht vorwiegend aus Mäusen, Fröschen und Waldeidechsen;
Tiere;Reptilien;Waldeidechse ;Zootoca vivipara;Die Waldeidechse bewohnt fast alle naturnahen Lebensräume im Ried. Zum Sonnenbaden erscheinen die kleinen, dunklen Echsen auch auf den Bohlenwegen des Lehrpfades. Während alle anderen Eidechsenarten Eier legen bringt die „vivipara“ voll entwickelte Jungen zur Welt. Beutetiere sind Insekten und Spinnen.;
Tiere;Reptilien;Zauneidechse;Lacerta agilis;Die Zauneidechse bevorzugt trocke-warme Biotope wie Feldraine, Straßenböschungen und Hecken. Die Riedlandschaft hat sie erst nach deren Trockenlegung erobert. Dort treffen wir die lebhaft gefärbten Tiere vornehmlich im Bereich der Torfabbaustellen an. Als Sonnenplätze sind die Trockenen aufgestapelten Torfmieten besonders beliebt. Hier finden die Echsen auch die gewünschte Nahrung: Insekten und Spinnentiere.;
Tiere;Säugetiere;(Säugetiere Allgemein);Mammalia;Neben den bekannten Arten wie Reh, Wildschein, Fuchs, Feldhasen und Eichhörnchen wird das Ried auch noch von einer Anzahl kleinerer Säugetiere bewohnt, die sich durch ihre heimliche Lebensweise zumeist unserer Beobachtung entziehen. Die meisten von ihnen sind in der Dämmerung und Nacht aktiv oder sie leben in unterirdischen Gängen bzw. im dichten Moos- und Grasfilz. Zuweilen können wir jedoch ihre Spuren oder tote Tiere finden, die z.B. von einem Greifvogel oder einem Raubsäuger geschlagen wurden. Manche unserer heimischen Kleinsäuger sind speziell an die amphibischen Lebensräume angepasst. Sie leben und jagen am und im Wasser. Andere wiederum finden wir im Weiden-Faulbaum-Busch und im Bruchwald. Selbst das Hochmoor ist von Säugetieren besiedelt.;
Tiere;Säugetiere;Bisam;Ondatra zibethicus;Der wegen seines dichten Fells als Pelztier aus Nordamerika eingeführte Bisam gehört zu den Wühlmäusen und ist somit keine „Ratte“. Er lebt in und an Gewässern mit ausreichender Ufervegetation. Seine wichtigste Nahrung an den Teichen des Riedlehrpfades ist der Rohrkolben. Abgebissene Pflanzenteile auf der Wasseroberfläche zeugen vom Hunger des Bisam. Aber auch Teichmuscheln werden verzehrt. Seinen Bau legt er in der Uferböschung oder als Kegelburg in der Flachwasserzone an. Der seitlich abgeplattete Schwanz, dessen oberer Rand beim Schwimmen aus dem Wasser ragt, dient ihm als Ruder. ;
Tiere;Säugetiere;Haselmaus ;Muscardinus avellanarius;Zur Familie der Bilche (nicht zu den Mäusen) gehört die Haselmaus. Sie baut ihr Kugelnest aus trockenem Laub gerne in dornenbewehrte Hecken und Waldrandgehölze, wo sie ihre Lieblingsspeise – Nüsse und Beeren – findet. Wie die anderen „Schläfer“ hält sie ihren langen Winterschlaf in einem Frostsicheren Unterschlupf. Durch den buschigen Schwanz unterscheidet sie sich gut von der Zwergmaus, mit der sie manchmal verwechselt wird.;
Tiere;Säugetiere;Rötelmaus ;Clethrionomys glareoulus;Die vorwiegend an Gehölze gebundene kleine Wühlmaus mit leuchtend rotem Fell ernährt sich von Sämereien, Beeren, Nüssen und Ride sowie von tiereischer Kost. Sie bewohnt auch die dichten Bestände von Besensträuchern und Farnen am Lehrpfad. Der kleine Nager benutzt oberirdische Laufgänge und selbstgegrabene unterirdische Röhren, kann aber auch gut klettern.  Wie alle Mäuse gehört die Rötelmaus zur Nahrungsgrundlage von Eulen, Greifvögeln und Raubsäugern. ;
Tiere;Säugetiere;Siebenschläfer ;Myoxus glis;In Baumhohlen und Nistkästen rund um das Ried zieht der Siebenschläfer seine Jungen auf. Als Nahrung dienen ihm Nüsse, Baumsamen, Früchte sowie tierische Kost. Er hält seinen Winterschlaf von November bis Mai in Erdhöhlen unter Bäumen oder in anderen geschützten Verstecken. Auch Forsthütten und andere menschliche Behausungen bewohnt der größte Vertreter unserer Bilche ganzjährig als Untermieter und raubt so Zeitgenossen den Schlaf.;
Tiere;Säugetiere;Wasserfledermaus ;Myotis daubentonii;Wer sich die Mühe macht in warmen, trockenen Sommernächsten mit Scheinwerfer und Fledermaus-Detektor die Torfstichteiche am Riedlehrpfad aufzusuchen, der wird diese an den Wasserlebensraum angepasste Fledermausart beobachten und hören können. Sie gaukelt tief über dem Gewässer und jagt Insekten aus der Luft oder von der Wasseroberfläche. Manchmal erwischt sie sogar kleine Fische. Während ihres Jagdfluges gibt sie permanent „knatternde“ Laute im Ultraschallbereich ab, die wir nur mit technischer Hilfe für das Menschliche Ohr hörbar machen können. Ihre Tagesquartiere befinden sich oft Kilometer weit entfernt. ;
Tiere;Säugetiere;Wasserspitzmaus ;Neomys fodiens;Alle Lebensräume des Riedes sind von Spitzmäusen besiedelt, die keine Mäuse sind, sondern zu den Insektenfressern gehören. Die größte und auffälligste Art ist die schwarz-weiß gefärbte Wasserspitzmaus, die in den Teichen und Gräben nach Nahrung jagt. Tauchend erbeutet sie Wasserinsekten, Larven, Schnecken, kleine Fische und junge Frösche. Spitzmäuse müssen mindestens ihr eigenes Körpergewicht pro Tag an Nahrung verzehren, um zu überleben. Deshalb können sie sich keine langen Schlafpausen erlauben, allenfalls ein kleines „Nickerchen“ zwischendurch. ;
Tiere;Säugetiere;Zwergmaus ;Micromys minutus;Gerade daumengroß ist die Zwergmaus eine typische Riedbewohnerin, die ihre Kugelnester aus Gras ca. 1 Meter über dem Erdboden ins Röhricht baut. Hier zieht die Maus - vor Bodenfeinden sicher - ihre Jungen auf. As spezialisierter Halmkletterer kann sie sich mit ihren Greiffüßen und ihrem Greifschwanz flink in Schilf und hohem Gras fortbewegen. Sie ernährt sich von Sämereien und Kleintieren. Den Winter verbringt sie in Erdlöchern, unter Schilfhaufen oder anderen bodennahen Verstecken, wo sie jedoch keinen Winterschlaf hält.;
Tiere;Spinnen;(Spinnen Allgemein);;"Der Stamm der Arthropoden umfasst Tierformen mit gegliederten Beinen und harten Außenskeletten. Von diesen „Gliederfüßern"" haben sich zahlreiche Vertreter der Spinnentiere (Merkmal: 4 Beinpaare) und Insekten (Merkmal: 3 Beinpaare) in der Riedlandschaft angesiedelt. Sie bewohnen dort die unterschiedlichsten Lebensräume.";
Tiere;Spinnen;Feenlämpchen-Spinne ;Agroeca brunnea;"Die Feenlämpchen-Spinne wird wegen ihrer heimlichen Lebensweise nur selten gesehen.  Ihre Präsenz verraten jedoch die an Grashalmen befestigten Eikokons, im Volksmund „Feenlämpchen"" genannt.";
Tiere;Spinnen;Gelbe Krabbenspinne ;Misumena vatia;Die Gelbe Krabbenspinne sitzt meist gut getarnt auf Wiesenblumen und erbeutet dort blütenbesuchende Insekten. Diese Spinne kann sich — gleich einem Chamäleon — farblich ihrer Umgebung anpassen.;
Tiere;Spinnen;Jagdspinne ;Dolomedes fimbriatus;"Die Gerandete Jagdspinne gilt mit einer Körperlänge von bis zu 2 cm als größte heimische Spinnenart. Sie lebt im Uferbereich unserer Moorgewässer und erbeutet dort Wassertiere bis hin zu kleinen Fischen.  Die auch im Pfrunger Ried recht seltene Dolomedes wurde auf der Roten Liste als „gefährdet"" eingestuft.";
Tiere;Spinnen;Zebraspinne ;Argiope bruennichi;An sonnigen Plätzen mit niedriger Vegetation erscheint in der zweiten Sommerhälfte die Zebraspinne. Man entdeckt deren Radnetze mit dem auffälligen Zickzackband (Stabiliment) am ehesten in der Morgenfrühe, wenn irisierende Tautropfen das zarte Gespinst von der Umgebung abheben.  Im Herbst fertigt das Weibchen einen Eikokon, in dem die Jungen überwintern.  Bemerkenswertes: Nach der Paarung wird das Männchen fast immer vom viel größeren Weibchen verspeist. Die früher nur in Südeuropa beheimatete Art hat sich mittlerweile in ganz Deutschland ausgebreitet. Klimaveränderung?;
Tiere;Vögel;(Vögel Allgemein);;Zu den auffälligsten Bewohnern der Feuchtbiotope im Ried zählen die Vögel. Die „Einheimischen“ finden dort Nistplätze und Kinderstuben, die Zuggäste Ruhezonen und „Reiseproviant“. Verständlich, dass die Naturschützer diese sensiblen Bereiche möglichst störungsfrei halten wollen.  Daraus entstehen dann Diskussionen mit Fischern, Jägern, Fotografen und allzu neugierigen Touristen. Um die Kernzonen der Schutzgebiete zu befrieden, wird dort das Betreten nur auf öffentlichen Wegen gestattet. Doch der ornithologische interessierte Naturfreund muss deshalb nicht auf eine Vogelpirsch verzichten. Wer beim Wandern hier am Lehrpfad die Augen offen hält, kann einen Großteil der in unserem Moor vorkommenden Sumpf- und Wasservögeln beobachten. Dazu ist natürlich ein gutes Fernglas erforderlich. Die Fähigkeit Vogelstimmen zu deuten, vertieft das Erlebnis.;
Tiere;Vögel;Blässhuhn;Fulica atra;Der einzige schwarze Wasservogel mit weißem Schnabel und weißem Stirnschild. (Diese „Blässe“ stand bei der Namengebung Pate.) Brütet an Gewässern aller Art im Ried, so auch hier am Lehrpfad. Im Frühsommer können wir dann Dunenjunge mit auffällig rostrotem Kopf und Hals beobachten.;
Tiere;Vögel;Eisvogel ;Alcedo atthis;Der „fliegende Edelstein“ ist unregelmäßiger Brutvogel im Ried. Das große Angebot an Kleinfischen in den Naturschutz-Seen lockt aber auch Zuggäste an. Beobachtungen sind an den größeren Torfstichen, an der Ostrach und am Riedlehrpfad möglich. Der Vogel besticht nicht nur durch ein bunt schillerndes Gefieder, sondern auch durch seinen markanten Ruf.;
Tiere;Vögel;Flußseeschwalbe ;Sterna hirundo;Durch die Schaffung von Feuchtbiotopen mit Brutinseln konnte diese im Binnenland recht seltene Vogelart im Pfrunger Ried angesiedelt werden. Gegenwärtig brüten alljährlich mehrere Paare im Schutze einer Lachmöwenkolonie im Ried.;
Tiere;Vögel;Höckerschwan ;Cygnus olor;Unser größter flugfähiger Vogel besucht von Zeit zu Zeit sowohl die Riedseen wie auch den Lehrpfad. Er hat mehrfach im Ried gebrütet. Kennzeichen sind neben der Größe ein schwarz-rot gefärbter Schnabel. Sein nordischer Vetter, der am Bodensee überwinternde Singschwan, hat einen schwarz-gelben Schnabel.;
Tiere;Vögel;Lachmöwe ;Chroicocephalus ridibundus, Larus ridibundus;Alljährlich im zeitigen Frühling erscheinen Lachmöwenschwärme im Ried. Sie brüten auf Inseln der großen Stichseen im Naturschutzgebiet. Umherschweifende Trupps besuchen dann regelmäßig auch die Gewässer des Riedlehrpfades und des Lengenweiler Sees.;
Tiere;Vögel;Reiherente ;Aythya fuligula;Der reiherartige Schopf am Hinterkopf des Erpels gab dieser Ente den Namen. Sie sucht ihre Nahrung tauchend. Bei diesem Spätbrüter erscheinen die Jungen erst Anfang Juli. Am Riedlehrpfad und noch häufiger an der Ostrach können wir den Entenfamilien begegnen.;
Tiere;Vögel;Stockente ;Anas platyrhynchos;Größte und häufigste Schwimmente im Gebiet. Sucht ihre Nahrung gründelnd. Stammutter unserer Hausente. Brütet alljährlich in mehreren Paaren am Riedlehrpfad. Nur strenger Winterfrost kann die Vögel kurzzeitig vertreiben. Der laute Quak-Ruf kommt vom Weibchen.;
Tiere;Vögel;Tafelente ;Aythya ferina;Männchen: Einzige Ente in der Region mit kastanienbraunem Kopf und Hals. Weibchen: Grau und braun. Am Lehrpfad selten. Gelegentlicher Brutvogel am Guggenhauser Weiher. Zur Zugzeit häufiger Gast an den großen Stichseen im Ried.;
Tiere;Vögel;Zwergtaucher ;Tachybaptus ruficollis;Kleiner, heimlicher Tauchvogel mit kastanienrotem Hals und gelblich-weißem Fleck am Schnabelgrund. Brütet auf den Tümpeln am Riedlehrpfad. Dort ist auch sein Balzruf, ein helles metallisches Trillern, zu hären. Die gestreiften Jungen sind Nestflüchter. Um auszuruhen klettern sie von Zeit zu Zeit auf den Rücken der schwimmenden Eltern.;
Pflanzen;Beeren;Heidelbeere;Vaccinium myrtillus;Ein nur im Sommer belaubter, kleiner Strauch mit kantigen Stängeln und blassrosa Blüte. Die blau bereiften, rotfleischigen Beeren werden von Vögeln und Säugetieren verzehrt.  Nicht weniger beliebt sind die wohlschmeckenden Früchte beim Menschen.  Besonderheit: Bei Heidel- und Rauschbeeren verfärben sich die Blätter vor dem Laubfall oft intensiv rot.;
Pflanzen;Beeren;Moosbeere;Vaccinium oxycoccus;Ein immergrüner Zwergstrauch mit fadenförmig dünnen, kriechenden Stängeln, winterharten Blättern und hellpurpurnen Blüten. Die vereinzelt auf Moospolstern liegenden, säuerlich schmeckenden roten Früchte können wie Preiselbeeren verwendet werden.  Diesen Sträuchern verwandt ist die Rosmarinheide (Andromeda polifolia). Sie entwickelt jedoch keine Beeren, sondern Kapselfrüchte. Das ist auch gut so, denn die Pflanze ist in allen Teilen giftig. Kennzeichen: Immergrüne, netzadrige Blätter.;
Pflanzen;Beeren;Preiselbeere ;Vaccinium vitis-idaea;Ein rund ums Jahr belaubter Zwergstrauch mit weiß- bis rosafarbenen Blüten und glänzend roten Beeren in Trauben. Die ledriger Blätter sind oberseits dunkelgrün, unterseits hellbraun und drüsig punktiert (Lupe).  Die im rohen Zustand wenig schmackhaften Beeren sind gekocht eine Delikatesse und ergeben eine vorzügliche Beilage zu Wildgerichten. Natürlich laben sich auch Tiere an diesen Leckerbissen.;
Pflanzen;Beeren;Rauschbeere ;Vaccinium uliginosa;Ein kniehoher, winterkahler Strauch mit oben blaugrünen, unten hellgrauen Blättern und rosafarbenen Blüten. Das Fruchtfleisch der blau bereiften Beeren ist - im Gegensatz zu den Heidelbeeren - farblos. Rauschbeeren sind essbar, jedoch fad im Geschmack. Der Verzehr soll rauschartige Zustände auslösen, wobei der Nachweis von Giftstoffen bisher nicht gelungen ist. Möglicherweise wird die Wirkung erst durch Pilzbefall verursacht.  Besondere Bedeutung erhält der Strauch als Futterpflanze für die Raupen des Hochmoorgelblings (Colias palaeno).;
Pflanzen;Farne;(Farne Allgemein);;;
Pflanzen;Farne;Breitblättrige Dornfarn;Dryoplens dilatata;Der Breitblättrige Dornfarn, auch Großer Dornfarn (Dryoplens dilatata), hat breitgefächerte, dreifach gefiederte Wedel mit stachlspitzigen Blättchen. Bei Verwendung einer Lupe werden Drüsenhaare sichtbar. Die Stielbasis ist reichlich mit Spreuschuppen besetzt.;
Pflanzen;Farne;Eichenfarn ;Gymnocarpium dryoteris;Nur vereinzelt wagt sich der in den umliegenden Mischwäldern heimische Eichenfarn (Gymnocarpium dryoteris) auch ins Ried. Die bis zu 40 cm hohen Wedel sind im oberen Teil abgeknickt.;
Pflanzen;Farne;Frauenfarn ;Athyrium filix-femina;Der Frauenfarn (Athyrium filix-femina) ist in unseren Wäldern weit verbreitet. Wir finden ihn aber auch im Birkenbruchwald des Riedes. Besondere Kennzeichen: Zartgliedrige, hellgrüne, 2-3´-fach gefiederte Wedel.;
Pflanzen;Farne;Kammfarn ;Drypoteris cristata;Der nässeliebende Kammfarn (Drypoteris cristata), ist aufgrund der großräumigen Entwässerungsmaßnahmen der vergangenen Jahrzehnte nun zur Rarität geworden. Diese Art bildet unterschiedliche Blattformen aus. Die sporentragenden Wedel sind schlank, hochgewachsen und mit abgewinkelten Fiedern besetzt. Die sterilen Blätter sind kurz, schlaff und ausgebreitet.;
Pflanzen;Farne;Kleine Dornfarn ;Dryopteris carthusiana;Zu den häufigsten Farnarten im bewaldeten Ried zählt der Kleine Dornfarn (Dryopteris carthusiana).  Besondere Kennzeichen: Schlanke, gelbgrüne, zweifach gefiederte Blattwedel mit stachelspitzigen Blättchen. Blatt- und Stengeldrüsen fehlen.;
Pflanzen;Farne;Sumpflappenfarn ;Theiypteris palustris;In Verlandungszonen der oberschwäbischen Seen und Weiher wächst der Sumpflappenfarn (Theiypteris palustris). Im Bereich des Pfrunger Riedes gedeiht er im Großen Trauben, im Tisch und am Ufersaum des Lengenweiler Sees. Besondere Kennzeichen: Gelbgrüne schlanke Wedel mit zarten, einfach gefederten Blättern.;
Pflanzen;Farne;Tüpfelfarn ;Polypodium vulgare;An ??? Felswänden der ??? wächst der Tüpfelfarn (Polypodium vulgare). Besondere Kennzeichen: Die punktförmigen Sporangien auf der Unterseite der fruchtbaren Wedel sind in Reihen beiderseits der Blattrippen angeordnet.;
Pflanzen;Moose;(Moose Allgemein);;Von den weltweit verbreiteten 25.000 Moosarten leben etwa 100 Spezies in unserem Ried. Sie begegnen dem Wanderer in den unterschiedlichsten Biotopen: Flutend in gealterten Torfstichen, zwischen Gras und Kraut versteckt in den Riedwiesen, flächendeckend im schattigen Bruchwald und als gestaltende Elemente in den Hochmooren, Moose sind mit den Farnpflanzen verwandt und vermehren sich wie diese über Sporen:  Männliche Geschlechtsorgane produzieren Samenzellen, die bei Regen über Wasserbrücken in benachbarte Eizellen eindringen. Nach der Befruchtung wächst aus den weiblichen Blütenteilen eine Sporenkapsel (Sporogon) heran.;
Pflanzen;Moose;Attraktive Federmoos ;Ptilium crista-castrensis;Farne zählen zu den ältesten Pflanzensippen der Erde. Sie waren bereits vor 300 Millionen Jahren am Aufbau der Steinkohlewälder maßgeblich beteiligt und sind heute noch weltweit verbreitet. So finden wir die meisten der hier vorkommenden Arten auch in Sibirien, Alaska oder Kanada.  Als schattenverträgliche Gewächse haben sich Farne vornehmlich in Wäldern ausgebereitet. In unserer Moorlandschaft bevölkern sie den Birkenbruchwald ebenso wie das Bergkiefernhochmoor.  Farne tragen keine bunten Blüten. Die Fortpflanzung erfolgt über Sporen, die sich auf der Unterseite der Blätter in sogenannten „Sporangien“ entwickeln (Bild rechts). Oft sind die Sporen beladenen, fruchtbaren (fertilen) und die unfruchtbaren (sterilen) Wedel unterschiedlich gestaltet.;
Pflanzen;Moose;Brunnenlebermoos ;Marchantia polymorpha;Zuweilen erscheinen aber auch Lebermoose. Deren auffälligster Vertreter ist das Brunnenlebermoos (Marchantia polymorpha) (Bild links);
Pflanzen;Moose;Frauenhaarmoose ;;Im Moorbirkenwald trifft man häufig auf die Rasen der Frauenhaarmoose (Bild unten) und sehr selten auf das attraktive Federmoos (Ptilium crista-castrensis) (Bild rechts).;
Pflanzen;Moose;Gelbgrüne Sumpfstreifenm;Aulacomnium palustre;Das gelbgrüne Sumpfstreifenmoos (Aulacomnium palustre) liebt saure und nasse Hochmoorstandorte (Bild rechts).;
Pflanzen;Moose;Mittlere Torfmoos ;Sphagnum magellanicum;" In den Hochmooren führen die vitalen Torfmoose Regie. Ihre Wasserspeicherzellen schützen das Moor vor Austrocknung. Durch raumgreifendes Wachstum produzieren sie nicht nur Torf, sondern verändern auch nachhaltig die Landschaft. Bei Wassermangel verbleichen die Sphagnen, weshalb sie auch ""Bleichmoose"" genannt werden. Dies vermittelt uns hier das Mittlere Torfmoos (Sphagnum magellanicum).";
Pflanzen;Moose;Sparrige Torfmoos ;Sphagnum squarrosum;Das Sparrige Torfmoos (Bild rechts) erkennt man am lockeren Bau und den sparrig abstehenden Ästen. Wir finden es in nährstoffreichen Niedermooren.  Alle hier besprochenen Arten gehören zur Gruppe der Laubmoose. Sie beherrschen die Mooswelt des Riedes.;
Pflanzen;Pilze;(Beeren Allgemein);;Auf dem sauren Torfgrund unserer Hochmoore gedeihen einige beerentragende Zwergsträucher aus der Familie der Heidekrautgewächse (Ericaceae), die wir auf den kalkhaltigen Mineralböden im Umfeld des Riedes nur selten antreffen.  Die vorgestellten Beerensträucher kommen überwiegend in den naturbelassenen Schutzgebieten des Riedes vor. Dort sollten Tiere und Pflanzen vom Menschen unbehelligt bleiben. Wer jedoch etwas Zeit aufwendet, kann hier beiderseits des Lehrpfades alle beschriebenen Arten entdecken.  Vorsicht! Wer die Beeren roh verzehrt läuft Gefahr, sich mit dem Fuchsbandwurm zu infizieren, weshalb vorheriges Abkochen empfohlen wird.;
Pflanzen;Pilze;(Pilze Allgemein);;Von den über 2000 in Mitteleuropa vorkommenden Arten bewohnen etwa 100 unsere Moorlandschaft. Das Spektrum an wohlschmeckenden Speisepilzen ist jedoch so gering, dass sich das Pilzesammeln im Ried nicht lohnt.  Pilze beeinflussen die Lebenszyklen in unseren Wäldern tiefgreifend: Als Lebenspartner (Symbionten) fördern sie einerseits das Wachstum der Bäume, können andererseits als Parasiten diesen aber auch höchst gefährlich werden (Beispiel: Hallimasch).  Eine weitere Funktion ist die Zerlegung von Totholz durch Fäulnisprozesse. Die hierbei freigesetzten Nährsalze sind für den Stoffkreislauf des Wald-Ökosystems von großer Bedeutung.  Wer sich an der Schönheit und Vielfalt der Pilze erfreuen will, wird besonders im Spätsommer reich belohnt. Es Ist die hohe Zeit der Röhrlinge, Boviste und Blätterpilze. Nur die Baumpilze sind ganzjährig anzutreffen.;
Pflanzen;Pilze;Birkenporling ;Biptoporus betulinus;Häufigster Baumpilz im Moorwald ist der Birkenporling. Wir finden die weichen Konsolen ausschließlich auf Birken. Als Parasit bedroht der Pilz das Leben der Wirtsbäume, auf Totholz verursacht er eine rasch fortschreitende Braunfäule.;
Pflanzen;Pilze;Espen-Rotkappe ;Leccinum aurantiacum;Wenn im Ried unter Zitterpappeln ein Röhrling mit weißem Stiel und rot-braunem Hut auftaucht, handelt es sich meist um die Espen-Rotkappe. Es handelt sich hierbei um einen sehr guten Speisepilz. ;
Pflanzen;Pilze;Fliegenpilz ;Amantia muscaria;Giftig und schön ist der weit verbreitete, leuchtende rote und weiß befleckte Fliegenpilz.;
Pflanzen;Pilze;Gelbbräunliche Scheidensteifling ;Amantia fulva;Zu den häufigsten Pilzen im Moorbirkenwald zählt der Gelbbräunliche Scheidensteifling. Er ist ein guter Speisepilz;
Pflanzen;Pilze;Gesäumten Häublings ;Galerina paludosa;Zwischen Torfmoosen und Moosbeeren heimisch sin d die zarten Gebilde des Gesäumten Häublings.;
Pflanzen;Pilze;Hallimasch ;Armillaria melea;Entrindet man den Stammfuß eines v m Hallimasch befallenen Baumes, wird das im Verborgenen lebende Pilzgeflecht (Myzel) sichtbar. Die Stränge verstopfen die Saftbahnen, der Baum stirbt. Äußerlich erscheinen nur die Fruchtkörper. Sie sind im jugendlichen Stadium essbar.;
Pflanzen;Pilze;Herkuleskeule ;Clavariadelphus pistillaris;In den Laubwäldern der Riedflanken kann der Pilzfreund zuweilen auf die eigenwillig geformte Herkuleskeule treffen. Dieser Pilz ist ungenießbar.;
Pflanzen;Pilze;Kahle Krempling ;Paxillus involutus;Der für Menschen giftige Kahle Krempling, hat sich im Randbereich des Großen Trauben angesiedelt.;
Pflanzen;Pilze;Speitäubling ;Russula emetica;Speitäubling treffen wir vom Juli bis November im bodensauren Hochmoor an. ;
Pflanzen;Pilze;Sptizmorchel ;Morchella conica;Bereits Anfang Mai können im Etterschen-Wald die wabenartigen Gebilde der essbaren Spitzmorchel gefunden werden.;
Pflanzen;Pilze;Stinkmorchel ;Phallus impudicus;Die Stinkmorchel verströmt Aasgeruch. Sie lockt damit Fliegen an, die ihre Sporen im Walde verbreiten.;
Pflanzen;Sumpfpflanzen;(Sumpfpflanzen Allgemein);;Bei einer botanischen Exkursion durchs Ried lohnt sich immer ein Blick auf die Ufervegetation der Stehgewässer. Hier gedeiht – je nach Wassertiefe – eine breite Palette von feuchtigkeitsliebenden Pflanzenarten. Die Plattformen, Blüten oder auch Früchte erleichtern uns die Suche nach dem rechten Namen.;
Pflanzen;Sumpfpflanzen;Ästiger Igelkolben ;Sparganium erectum;Blüte und Fruchtstand. Besonderes Merkmal: Dreikantige Blätter.;
Pflanzen;Sumpfpflanzen;Doldige Schwanenblume;Butomus umbellatus;;
Pflanzen;Sumpfpflanzen;Doldige Schwanenblume ;Butomus umbellatus;;
Pflanzen;Sumpfpflanzen;Fiberklee ;Menyanthes trifoliata;Eine Schwimmblattpflanze, die auch nach der Verlandung des Gewässers noch lange Zeit die Niedermoorflora bereichern kann. ;
Pflanzen;Sumpfpflanzen;Froschlöffel;Alisma plantagoaquatica;;
Pflanzen;Sumpfpflanzen;Gilbweiderich;Lysimachia vulgaris;In Streuwiesen, Ufergesellscahften und im lichten Bruchwald zu finden.;
Pflanzen;Sumpfpflanzen;Krebsschere;Stratiotes aloides;;
Pflanzen;Sumpfpflanzen;Rundblättriges Wintergrün ;Pyrola rotundifolia;Auffällige weiße Blüten im Juni.;
Pflanzen;Sumpfpflanzen;Schilfrohr;Phragmites communis;Diese auf gut schäbisch „Binse“ genannte Süßgrasart ist ein wichtiger Torfproduzent, der zusammen mit Sauergräsern die sogenannte Schilf-Seggentorf-Schichten aufbaut.;
Pflanzen;Sumpfpflanzen;Sumpfdotterblume ;Caltha palustris;Ab April blühend im Röhricht, an Grabenrändern und im Moorwald anzutreffen.;
Pflanzen;Sumpfpflanzen;Wechselblätgriges Milzkraut ;Chrysosplenium alternifolium;Frühblüher auf durchnässten Uferbereichen und Grabenrändern. ;
Pflanzen;Sumpfpflanzen;Zaunwinde ;Calystegia sepium;Im Röhricht an Schilf und Rohr windend.;
Pflanzen;Sumpfpflanzen;Zottiges Weidenröschen ;Epilobium hirsutum;Ein Stattlicher, oft meterhoher Uferbewohner mit stark behaarten Stengeln.;
Pflanzen;Sumpfpflanzen;Zungenhahnenfuß;Ranunculus lingua;Dieser stattliche Röhrichtbewohner fällt auf durch gezähnte lanzettliche Blätter und bis zu 4 cm großen Blüten.;
Pflanzen;Wasserpflanzen;(Wasserpflanzen Allgemein);;Im Verlaufe des Riedsommers kann der aufmerksame Wanderer an den Seen und Tümpeln eine Fülle von amphibischen Pflanzen entdecken. Schwimm- und Tauchblattgewächse bevölkern das offene Wasser, Röhrichtbewohner gedeihen im Uferbereich.  Bei all der Schönheit dieser Pflanzengesellschaft darf man das ihnen eigene landschaftsgestaltende Potential nicht vergessen. Schließlich waren es die hier vorstellten, torfproduzierenden Gewächse, die den Pfrunger Gletschersee mit fossilen Pflanzenresten verfüllten und das Moor schufen.  Auch gegenwärtig führt das jährliche Wachstum von Teich- und Seerosen, von Schilf und Rohr zur Verlandung der hier geschaffenen Tümpel und Teiche. Letztendlich verändern sie diesen Lebensraum so tiefgreifend, dass er ihren Ansprüchen nicht mehr genügen kann. Moorpflanzen übernehmen dann die Herrschaft.;
Pflanzen;Wasserpflanzen;Breitblättriger Rohrkolben;Typha latifolia;;
Pflanzen;Wasserpflanzen;Echter Wasserschlauch ;Solanum dulcamara;;
Pflanzen;Wasserpflanzen;Froschbiss ;Hydrocharis morsus-ranae;;
Pflanzen;Wasserpflanzen;Gelbe Schwertlilie;Iris pseudacorus ;;
Pflanzen;Wasserpflanzen;Kalmus ;Acorus calamus;;
Pflanzen;Wasserpflanzen;Kleine Wasserlinse ;Lemna minor;;
Pflanzen;Wasserpflanzen;Nickender Zweizahn ;Bides cernua;;
Pflanzen;Wasserpflanzen;Weiße Seerose ;Nymphaea alba;;
